Comment,Designator,Footprint,LCSC Part #,Quantity,Manufacturer,Manufacturer Part #,Description
10uF 25V,C1,C_0805_2012Metric,C15850,1,Samsung Electro-Mechanics,CL21A106KAYNNNE,CAP CER 10uF 25V X5R 0805
4.7uF 50V X7R,C2,C_1206_3216Metric,C29823,1,FH,1206B475K500NT,CAP CER 4.7uF 50V X7R 1206
100nF,C3,C_0805_2012Metric,C49678,1,YAGEO,CC0805KRX7R9BB104,CAP CER 100nF 50V X7R 0805
B5819W 40V 1A,D1,D_SOD-123,C8598,1,JSCJ,B5819W SL,DIODE SCHOTTKY 40V SOD-123
IR 850nm 120deg,"D2,D3,D4,D5,D6,D7,D8,D9",LED_3535_JNJ_EW120,C22447930,8,JNJOPTO,JNJ-L-3535EW120-85035D-SL-J2,EMITTER IR 850nm 1000mA SMD3535
PicoBlade/MX1.25 5p R/A THT,J1,Molex_PicoBlade_53048-0510_1x05_P1.25mm_Horizontal_Ring0.275,C588276,1,MOLEX,530480510,CONN HEADER TH R/A 5POS 1.25mm
33uH SWPA4030S330MT,L1,L_Sunlord_SWPA4030S,C83470,1,Sunlord,SWPA4030S330MT,Power inductor 33uH 20% 1.1A 429mOhm 4x4mm
AO3400A,Q1,SOT-23,C20917,1,AOS,AO3400A,MOSFET N-CH 30V SOT-23
4.02R 1%,"R1a,R1b",R_0805_2012Metric,C367870,2,Walsin,WR08W4R02FTL,RES 4.02 Ohm 1% 125mW 0805
1M,R2,R_0805_2012Metric,C17514,1,UNI-ROYAL,0805W8F1004T5E,RES 1M 1% 125mW 0805
1k,R3,R_0805_2012Metric,C17513,1,UNI-ROYAL,0805W8F1001T5E,RES 1k 1% 125mW 0805
100k,"R4,R6,R7",R_0805_2012Metric,C149504,3,UNI-ROYAL,0805W8F1003T5E,RES 100k 1% 125mW 0805
SY7200A,U1,SOT-23-6,C107309,1,Silergy,SY7200AABC,30V High Current Boost LED Driver
TEMT6200FX01,U2,TEMT6200_0805,C143695,1,VISHAY,TEMT6200FX01,Ambient Light Sensor in 0805 Package
